,_record_id,_title,_server_updated_at,_updated_by,_geometry,282_payment_method_that_purchase,283_fulfill_needs,300_did_not_find,237_distance_household_interviewee,299_means_transportation_consumer,284_additional_products_store,301_electricity_bill,305_electricity_bill_store,302_water_bill,306_water_bill_store,303_gas_bill,307_gas_bill_store,286_topups,308_topups_in_store,287_wire_transfers,320_other_services_in_store,304_additional_services_store,240_gender_interviewee,indicate_the_type_of_store,name_of_the_store,storefront_picture_just_once_if_possible,_latitude,_longitude,238_frequency_buying_store,81_number_online_purchases_month,288_number_app_purchases_month,289_number_whatsapp_purchases_month,83_willingness_ultrafast_delivery,84_willingness_sameday_delivery,241_age_of_the_interviewee
0,060a856c-e3b8-41a7-b680-9756172d1c29,"November 12, 2022",2022-11-12 22:43:08 UTC,Ulises Núñez Bautista,SRID=4326;POINT(-98.2349802856 19.0598413203),Efectivo,no,agua de coco,0 a 3 cuadras,A pie,PRODUCTOS_ADICIONALES,Tienda de conveniencia (e.g. OXXO),no,Sistema de agua,no,Proveedor de gas,no,No lo hago,no,Banco,no,INFO_NO_PROPORCIONADA,Male,Cafeteria,Paleteria El Carmen,IMAGEN_NO_PROPORCIONADA,19.05984132,-98.23498029,1.0,1.0,0.0,0.0,0.0,0.0,35.0
1,c42fdf22-b93b-443e-8f46-6043613cb0c3,"November 12, 2022",2022-11-12 22:15:02 UTC,Salomon Abdala Perez,SRID=4326;POINT(-98.2335660729 19.05847939),Efectivo,yes,CONSUMIBLE_NO_DISPONIBLE,7 a 10 cuadras,A pie,PRODUCTOS_ADICIONALES,Tienda de conveniencia (e.g. OXXO),no,Sistema de agua,no,Proveedor de gas,no,Tienda de conveniencia (e.g. OXXO),no,Banco,no,INFO_NO_PROPORCIONADA,Female,Grocery store (aka. nanostore),Gerardo Saénz,IMAGEN_NO_PROPORCIONADA,19.05847939,-98.23356607,1.0,1.0,2.0,0.0,35.0,50.0,27.0
2,3ccaedc0-949e-4555-afad-b2e1d77c3219,"November 12, 2022",2022-11-12 22:15:02 UTC,Salomon Abdala Perez,SRID=4326;POINT(-98.2303385023 19.0620767997),Efectivo,yes,CONSUMIBLE_NO_DISPONIBLE,más de 10 cuadras,Automóvil,PRODUCTOS_ADICIONALES,CFE,yes,Tienda de conveniencia (e.g. OXXO),yes,Proveedor de gas,yes,"Supermercado,Tienda de conveniencia (e.g. OXXO)",yes,Banco,no,INFO_NO_PROPORCIONADA,Female,Micro-restaurant (aka. fondita),Rozt,1 Photo,19.0620768,-98.2303385,1.0,0.0,0.0,0.0,40.0,25.0,42.0
3,91d8a240-af2c-451b-900f-3480f82e05db,"November 12, 2022",2022-11-12 20:41:38 UTC,Jorge Alberto Ostorga Flores,SRID=4326;POINT(-98.2329163449 19.0555346049),Tarjeta de débito y/o crédito,yes,CONSUMIBLE_NO_DISPONIBLE,4 a 6 cuadras,Motocicleta,PRODUCTOS_ADICIONALES,Supermercado,no,Supermercado,no,Proveedor de gas,no,No lo hago,no,Banco,no,INFO_NO_PROPORCIONADA,Female,Cafeteria,Café Colibrí,1 Photo,19.0555346,-98.23291634,1.0,2.0,3.0,0.0,0.0,0.0,27.0
4,3efefc56-bd45-4e4a-bf02-ab725e9fb41a,"November 12, 2022",2022-11-12 19:49:13 UTC,Jorge Alberto Ostorga Flores,SRID=4326;POINT(-98.2329944224 19.0590117522),Efectivo,yes,CONSUMIBLE_NO_DISPONIBLE,más de 10 cuadras,Transporte público,PRODUCTOS_ADICIONALES,CFE,no,Supermercado,no,Proveedor de gas,no,Supermercado,no,No lo hago,no,INFO_NO_PROPORCIONADA,Female,Cafeteria,La fête,1 Photo,19.05901175,-98.23299442,1.0,2.0,5.0,0.0,0.0,50.0,35.0
5,4b3d6f54-daee-4ffb-b0dc-dca0f9c1f943,"November 11, 2022",2022-11-12 00:08:22 UTC,Sergio Licea,SRID=4326;POINT(-98.1972511858 19.0486443867),Efectivo,yes,CONSUMIBLE_NO_DISPONIBLE,más de 10 cuadras,Transporte público,PRODUCTOS_ADICIONALES,CFE,yes,Banco,yes,Banco,yes,Tienda de conveniencia (e.g. OXXO),yes,No lo hago,no,INFO_NO_PROPORCIONADA,Female,Grocery store (aka. nanostore),Dulcerías Candy,1 Photo,19.04864439,-98.19725119,1.0,0.0,0.0,0.0,120.0,70.0,66.0
6,44a828cf-2085-4889-bc34-0ade8ae6ed91,"November 11, 2022",2022-11-11 23:38:10 UTC,Sergio Licea,SRID=4326;POINT(-98.1953940913 19.0476993375),Efectivo,yes,CONSUMIBLE_NO_DISPONIBLE,más de 10 cuadras,Automóvil,PRODUCTOS_ADICIONALES,Tienda de conveniencia (e.g. OXXO),no,Sistema de agua,no,Tienda de conveniencia (e.g. OXXO),no,"Supermercado,Tienda de conveniencia (e.g. OXXO)",yes,Tienda de conveniencia (e.g. OXXO),no,INFO_NO_PROPORCIONADA,Female,Artículos del hogar,SUPER & ALMACENES AW,1 Photo,19.04769934,-98.19539409,1.0,1.0,7.0,2.0,200.0,100.0,30.0
7,3231569e-f89a-4904-88e5-a6939c8a2860,"November 4, 2022",2022-11-11 23:12:50 UTC,Hiram Jiménez,SRID=4326;POINT(-98.3104972 19.0644612),Efectivo,yes,CONSUMIBLE_NO_DISPONIBLE,más de 10 cuadras,Transporte público,PRODUCTOS_ADICIONALES,Tienda de conveniencia (e.g. OXXO),yes,"No lo hago,Sistema de agua",yes,Proveedor de gas,yes,Tienda de conveniencia (e.g. OXXO),yes,No lo hago,no,INFO_NO_PROPORCIONADA,Female,Butcher shop,Carniceria la sorpresa ,1 Photo,19.0644612,-98.3104972,1.0,1.0,0.0,0.0,80.0,80.0,38.0
8,3a5b7111-ffaa-48b3-9ec4-125a94580b66,"November 9, 2022",2022-11-11 22:08:26 UTC,José Varela,SRID=4326;POINT(-98.3113835 19.060884),Efectivo,yes,CONSUMIBLE_NO_DISPONIBLE,7 a 10 cuadras,A pie,PRODUCTOS_ADICIONALES,CFE,yes,Sistema de agua,yes,Proveedor de gas,yes,"Fonda,Tiendita",INFO_NO_PROPORCIONADA,Banco,yes,Ninguno,Male,Grocery store (aka. nanostore),Tienda Jaime,1 Photo,19.060884,-98.3113835,3.0,0.0,0.0,0.0,100.0,100.0,18.0
9,70f001bf-b020-413f-967f-c7d558c9f6be,"November 10, 2022",2022-11-11 17:23:45 UTC,Manuel Flores,SRID=4326;POINT(-98.2154550929 19.0183906637),Efectivo,yes,CONSUMIBLE_NO_DISPONIBLE,0 a 3 cuadras,A pie,PRODUCTOS_ADICIONALES,Tienda de conveniencia (e.g. OXXO),yes,No lo hago,yes,Tienda de conveniencia (e.g. OXXO),yes,"Tienda de conveniencia (e.g. OXXO),Tiendita",INFO_NO_PROPORCIONADA,Tienda de conveniencia (e.g. OXXO),no,INFO_NO_PROPORCIONADA,Female,Grocery store (aka. nanostore),Frutas y snack bar,2 Photos,19.01839066,-98.21545509,2.0,1.0,4.0,0.0,8.0,8.0,20.0
10,0c23bf28-c128-48c6-b42e-c578c4e59862,"November 10, 2022",2022-11-11 17:23:44 UTC,Manuel Flores,SRID=4326;POINT(-98.215541169 19.0183779545),Efectivo,yes,CONSUMIBLE_NO_DISPONIBLE,0 a 3 cuadras,Automóvil,PRODUCTOS_ADICIONALES,Tienda de conveniencia (e.g. OXXO),yes,Sistema de agua,yes,Proveedor de gas,yes,No lo hago,no,No lo hago,yes,Papeleria,Male,Grocery store (aka. nanostore),Los 3 compadres,1 Photo,19.01837795,-98.21554117,5.0,2.0,5.0,0.0,8.0,8.0,21.0
11,8e205a60-697a-4332-8d75-3e4b0b78241b,"November 10, 2022",2022-11-11 04:39:34 UTC,Sergio Licea,SRID=4326;POINT(-98.2007074 19.048506),Efectivo,yes,CONSUMIBLE_NO_DISPONIBLE,más de 10 cuadras,Transporte público,PRODUCTOS_ADICIONALES,CFE,yes,Sistema de agua,yes,Proveedor de gas,yes,Tienda de conveniencia (e.g. OXXO),yes,"Banco,Tienda de conveniencia (e.g. OXXO)",yes,"Pago de luz, recargas telefónicas ",Female,Grocery store (aka. nanostore),Dulceria La Económica ,IMAGEN_NO_PROPORCIONADA,19.048506,-98.2007074,1.0,0.0,0.0,6.0,200.0,100.0,32.0
12,691fc5cc-0002-44b0-8fac-499ab192758e,"November 10, 2022",2022-11-10 20:29:12 UTC,Daniel Serrano,SRID=4326;POINT(-98.2632802 19.0345269),Efectivo,yes,CONSUMIBLE_NO_DISPONIBLE,0 a 3 cuadras,A pie,PRODUCTOS_ADICIONALES,"CFE,Tiendita",INFO_NO_PROPORCIONADA,"Sistema de agua,Tiendita",INFO_NO_PROPORCIONADA,Proveedor de gas,no,"Tienda de conveniencia (e.g. OXXO),Tiendita",INFO_NO_PROPORCIONADA,"Banco,Tienda de conveniencia (e.g. OXXO)",no,INFO_NO_PROPORCIONADA,Male,Butcher shop,Pollería ,1 Photo,19.0345269,-98.2632802,2.0,1.0,0.0,0.0,20.0,0.0,40.0
13,fb68965b-edd7-4623-91dc-fd75c0d0be57,"November 10, 2022",2022-11-10 20:25:37 UTC,Daniel Serrano,SRID=4326;POINT(-98.2632757723 19.0344490665),Efectivo,yes,CONSUMIBLE_NO_DISPONIBLE,4 a 6 cuadras,A pie,PRODUCTOS_ADICIONALES,CFE,no,Sistema de agua,no,Proveedor de gas,no,Tienda de conveniencia (e.g. OXXO),yes,Banco,no,INFO_NO_PROPORCIONADA,Female,Butcher shop,Pollería ,1 Photo,19.03444907,-98.26327577,2.0,2.0,0.0,0.0,15.0,15.0,30.0
14,84679011-2e04-462b-8ef3-d219ad8bc841,"November 10, 2022",2022-11-10 20:19:09 UTC,Daniel Serrano,SRID=4326;POINT(-98.2625455409 19.0356886303),Efectivo,yes,CONSUMIBLE_NO_DISPONIBLE,4 a 6 cuadras,A pie,PRODUCTOS_ADICIONALES,CFE,yes,Sistema de agua,yes,Proveedor de gas,no,"Tienda de conveniencia (e.g. OXXO),Tiendita",INFO_NO_PROPORCIONADA,Banco,yes,Pago de servicios,Male,Grocery store (aka. nanostore),Urigama,1 Photo,19.03568863,-98.26254554,1.0,2.0,1.0,0.0,25.0,10.0,35.0
15,7733ef86-89bc-4ece-82ed-4b92366c07ab,"November 10, 2022",2022-11-10 20:06:53 UTC,Daniel Serrano,SRID=4326;POINT(-98.2625173777 19.035646794),Efectivo,yes,CONSUMIBLE_NO_DISPONIBLE,4 a 6 cuadras,A pie,PRODUCTOS_ADICIONALES,No lo hago,no,No lo hago,no,No lo hago,no,No lo hago,no,No lo hago,no,INFO_NO_PROPORCIONADA,Male,Grocery store (aka. nanostore),Urigama,1 Photo,19.03564679,-98.26251738,3.0,1.0,0.0,0.0,25.0,30.0,14.0
16,62be24fe-fb4e-4c2d-bccb-783e76b172e3,"November 10, 2022",2022-11-10 20:01:37 UTC,Daniel Serrano,SRID=4326;POINT(-98.2624756 19.0357912),Efectivo,yes,CONSUMIBLE_NO_DISPONIBLE,7 a 10 cuadras,A pie,PRODUCTOS_ADICIONALES,CFE,no,Sistema de agua,no,Proveedor de gas,no,Tienda de conveniencia (e.g. OXXO),no,Banco,no,INFO_NO_PROPORCIONADA,Male,Grocery store (aka. nanostore),Croquetería & accesorios para tu mascota,1 Photo,19.0357912,-98.2624756,1.0,2.0,0.0,0.0,50.0,20.0,25.0
17,313e2efe-ab9b-48a1-be74-6dcc0b16d483,"November 10, 2022",2022-11-10 19:56:19 UTC,Daniel Serrano,SRID=4326;POINT(-98.2623266056 19.0361783046),Efectivo,yes,CONSUMIBLE_NO_DISPONIBLE,0 a 3 cuadras,A pie,PRODUCTOS_ADICIONALES,"Supermercado,Tienda de conveniencia (e.g. OXXO),Tiendita",INFO_NO_PROPORCIONADA,"Sistema de agua,Tienda de conveniencia (e.g. OXXO),Tiendita",INFO_NO_PROPORCIONADA,"Proveedor de gas,Supermercado,Tienda de conveniencia (e.g. OXXO),Tiendita",INFO_NO_PROPORCIONADA,"Tienda de conveniencia (e.g. OXXO),Tiendita",INFO_NO_PROPORCIONADA,Tienda de conveniencia (e.g. OXXO),no,INFO_NO_PROPORCIONADA,Female,Dairy products,Don Beto ,1 Photo,19.0361783,-98.26232661,2.0,0.0,0.0,0.0,15.0,15.0,54.0
18,3a0ae19e-eaae-4809-8029-c2c025f9045a,"November 10, 2022",2022-11-10 19:50:41 UTC,Manuel Flores,SRID=4326;POINT(-98.2170814276 19.0197941918),Efectivo,yes,CONSUMIBLE_NO_DISPONIBLE,0 a 3 cuadras,A pie,PRODUCTOS_ADICIONALES,Tienda de conveniencia (e.g. OXXO),no,Banco,no,"Banco,Tienda de conveniencia (e.g. OXXO)",no,Tienda de conveniencia (e.g. OXXO),yes,"Banco,Tienda de conveniencia (e.g. OXXO)",no,INFO_NO_PROPORCIONADA,Male,Grocery store (aka. nanostore),La aztorga,2 Photos,19.01979419,-98.21708143,5.0,2.0,0.0,0.0,10.0,10.0,46.0
19,02e4f514-1de2-4dd5-b16e-e8f83a62ec1f,"November 10, 2022",2022-11-10 19:50:36 UTC,Daniel Serrano,SRID=4326;POINT(-98.2626327127 19.0364229827),Transferencia interbancaria,no,Pechugas,4 a 6 cuadras,A pie,Queso,"CFE,Tienda de conveniencia (e.g. OXXO)",yes,Sistema de agua,yes,Proveedor de gas,yes,No lo hago,no,Tienda de conveniencia (e.g. OXXO),yes,Pagos de servicios públicos y más variedad de quesos,Male,Produce (fruits & vegetables),Pollería Rosi ,1 Photo,19.03642298,-98.26263271,3.0,0.0,1.0,0.0,20.0,20.0,22.0
20,beb77ac6-85a0-4caf-a7e7-59996bcbbd7f,"November 10, 2022",2022-11-10 19:42:10 UTC,Daniel Serrano,SRID=4326;POINT(-98.2626444474 19.0363551575),Efectivo,yes,CONSUMIBLE_NO_DISPONIBLE,más de 10 cuadras,Automóvil,PRODUCTOS_ADICIONALES,CFE,no,Sistema de agua,no,Proveedor de gas,no,No lo hago,no,"No lo hago,transferencia ",no,INFO_NO_PROPORCIONADA,Female,Produce (fruits & vegetables),Pollería Rosi ,1 Photo,19.03635516,-98.26264445,2.0,3.0,1.0,0.0,30.0,15.0,40.0
21,6570ebe1-68b9-4bee-aa1b-4606d486ff75,"November 10, 2022",2022-11-10 19:33:38 UTC,Fernando Gonzálezinactivo,SRID=4326;POINT(-98.263451 19.0367483),Efectivo,yes,CONSUMIBLE_NO_DISPONIBLE,más de 10 cuadras,Automóvil,PRODUCTOS_ADICIONALES,Tienda de conveniencia (e.g. OXXO),yes,Internet,yes,Proveedor de gas,no,Tienda de conveniencia (e.g. OXXO),yes,No lo hago,yes,Pago de servicios,Male,Grocery store (aka. nanostore),Miscelanea Juquilita,1 Photo,19.0367483,-98.263451,1.0,2.0,1.0,0.0,40.0,20.0,19.0
22,7470508d-e4ea-4a60-ab9e-b96f2f1dc4c8,"November 10, 2022",2022-11-10 19:33:22 UTC,Daniel Serrano,SRID=4326;POINT(-98.2635697 19.0366637),Efectivo,yes,CONSUMIBLE_NO_DISPONIBLE,4 a 6 cuadras,A pie,PRODUCTOS_ADICIONALES,CFE,yes,Sistema de agua,yes,Proveedor de gas,yes,Tienda de conveniencia (e.g. OXXO),yes,"Supermercado,Tienda de conveniencia (e.g. OXXO),Tiendita",no,INFO_NO_PROPORCIONADA,Female,Dairy products,Misc. Juquilita ,1 Photo,19.0366637,-98.2635697,3.0,0.0,0.0,0.0,15.0,30.0,27.0
23,e304cd5f-5ae8-4f7d-a7f6-c09e0094fb82,"November 3, 2022",2022-11-10 00:58:39 UTC,Fernando Gonzálezinactivo,SRID=4326;POINT(-98.2641572133 19.0345641171),Efectivo,yes,CONSUMIBLE_NO_DISPONIBLE,más de 10 cuadras,Transporte público,PRODUCTOS_ADICIONALES,No lo hago,yes,No lo hago,yes,No lo hago,yes,No lo hago,yes,No lo hago,no,INFO_NO_PROPORCIONADA,Male,Grocery store (aka. nanostore),Minisuper Rayitas,1 Photo,19.03456412,-98.26415721,2.0,2.0,5.0,0.0,150.0,150.0,18.0
24,3ec7d304-f11a-431d-8731-6e2f29fbb85e,"November 3, 2022",2022-11-10 00:58:39 UTC,Fernando Gonzálezinactivo,SRID=4326;POINT(-98.2666610554 19.0351390524),Efectivo,yes,CONSUMIBLE_NO_DISPONIBLE,más de 10 cuadras,Transporte público,PRODUCTOS_ADICIONALES,No lo hago,no,No lo hago,no,No lo hago,no,No lo hago,no,No lo hago,no,INFO_NO_PROPORCIONADA,Male,Grocery store (aka. nanostore),La Universal,1 Photo,19.03513905,-98.26666106,1.0,1.0,0.0,0.0,100.0,150.0,18.0
25,0ceecc2f-6bf6-4b37-a39a-d0089a18c0b5,"November 3, 2022",2022-11-10 00:58:38 UTC,Fernando Gonzálezinactivo,SRID=4326;POINT(-98.2671411708 19.0352819935),Tarjeta de débito y/o crédito,yes,CONSUMIBLE_NO_DISPONIBLE,más de 10 cuadras,Automóvil,PRODUCTOS_ADICIONALES,No lo hago,no,No lo hago,no,No lo hago,no,No lo hago,no,No lo hago,no,INFO_NO_PROPORCIONADA,Male,Micro-restaurant (aka. fondita),Taquería Don Jorge,1 Photo,19.03528199,-98.26714117,1.0,1.0,0.0,0.0,100.0,100.0,15.0
26,0fbcf473-39af-4f09-a325-91a2d235ed4a,"November 7, 2022",2022-11-10 00:01:22 UTC,Leoncio Mora Díaz,SRID=4326;POINT(-98.2488074989 19.0315343616),Tarjeta de débito y/o crédito,yes,CONSUMIBLE_NO_DISPONIBLE,0 a 3 cuadras,A pie,PRODUCTOS_ADICIONALES,CFE,no,Sistema de agua,no,Proveedor de gas,no,No lo hago,no,Banco,no,INFO_NO_PROPORCIONADA,Male,Grocery store (aka. nanostore),Aren salón de belleza ,1 Photo,19.03153436,-98.2488075,1.0,0.0,0.0,0.0,50.0,30.0,
27,57358cdd-eb9f-43f6-94be-bcf79e0664e3,"November 7, 2022",2022-11-10 00:01:22 UTC,Leoncio Mora Díaz,SRID=4326;POINT(-98.2492553477 19.0258156295),Transferencia interbancaria,yes,CONSUMIBLE_NO_DISPONIBLE,7 a 10 cuadras,Automóvil,PRODUCTOS_ADICIONALES,App,yes,App,yes,Automático ,yes,Plan ,yes,Banco,no,INFO_NO_PROPORCIONADA,Female,Micro-restaurant (aka. fondita),Con sabor a hogar ,1 Photo,19.02581563,-98.24925535,5.0,8.0,2.0,0.0,39.0,0.0,35.0
28,667e21ba-3e9f-4f4d-b23a-495986377506,"November 7, 2022",2022-11-10 00:00:57 UTC,Pablo Jesús Pérez Franklin,SRID=4326;POINT(-98.2488052547 19.0319169806),Tarjeta de débito y/o crédito,yes,CONSUMIBLE_NO_DISPONIBLE,más de 10 cuadras,Automóvil,PRODUCTOS_ADICIONALES,Tienda de conveniencia (e.g. OXXO),yes,Sistema de agua,yes,Proveedor de gas,yes,Tienda de conveniencia (e.g. OXXO),yes,"Banco,Tienda de conveniencia (e.g. OXXO)",no,INFO_NO_PROPORCIONADA,Male,Grocery store (aka. nanostore),SIX,IMAGEN_NO_PROPORCIONADA,19.03191698,-98.24880525,1.0,2.0,2.0,0.0,25.0,25.0,18.0
29,44f08598-31d4-4172-ae01-5c3d6245aa09,"November 7, 2022",2022-11-10 00:00:56 UTC,Pablo Jesús Pérez Franklin,SRID=4326;POINT(-98.2489068434 19.0313727784),Efectivo,yes,CONSUMIBLE_NO_DISPONIBLE,más de 10 cuadras,Transporte público,PRODUCTOS_ADICIONALES,Tienda de conveniencia (e.g. OXXO),no,Sistema de agua,no,Proveedor de gas,no,Tienda de conveniencia (e.g. OXXO),no,"Banco,Tienda de conveniencia (e.g. OXXO)",yes,Pago con tarjeta,Male,Cafeteria,Tortas el primo ,1 Photo,19.03137278,-98.24890684,1.0,1.0,1.0,2.0,15.0,60.0,20.0
30,1e4edc4d-22ab-4a1d-86e2-04169ae02335,"November 7, 2022",2022-11-10 00:00:56 UTC,Pablo Jesús Pérez Franklin,SRID=4326;POINT(-98.2494191453 19.0267601411),Tarjeta de débito y/o crédito,yes,CONSUMIBLE_NO_DISPONIBLE,7 a 10 cuadras,Automóvil,PRODUCTOS_ADICIONALES,CFE,no,"Sistema de agua,Tienda de conveniencia (e.g. OXXO)",no,Proveedor de gas,no,Tienda de conveniencia (e.g. OXXO),no,"Banco,Tienda de conveniencia (e.g. OXXO)",no,INFO_NO_PROPORCIONADA,Male,Cafeteria,DON MOY,1 Photo,19.02676014,-98.24941915,1.0,5.0,6.0,3.0,150.0,200.0,38.0
31,71df3b78-0538-44d6-a483-03111d32a2f0,"November 7, 2022",2022-11-10 00:00:53 UTC,Pablo Jesús Pérez Franklin,SRID=4326;POINT(-98.2502124086 19.0265566535),Efectivo,yes,CONSUMIBLE_NO_DISPONIBLE,0 a 3 cuadras,A pie,PRODUCTOS_ADICIONALES,Tienda de conveniencia (e.g. OXXO),yes,Sistema de agua,yes,Proveedor de gas,no,Tienda de conveniencia (e.g. OXXO),yes,Banco,no,INFO_NO_PROPORCIONADA,Female,Grocery store (aka. nanostore),"FRUTAS, VERDURAS Y ABARROTES D’NYS",1 Photo,19.02655665,-98.25021241,,0.0,0.0,0.0,50.0,50.0,65.0
32,5453a849-f695-4f4a-bb8e-0e81eabda7df,"November 7, 2022",2022-11-10 00:00:52 UTC,Pablo Jesús Pérez Franklin,SRID=4326;POINT(-98.2492511719 19.0256704332),Efectivo,yes,CONSUMIBLE_NO_DISPONIBLE,7 a 10 cuadras,Automóvil,PRODUCTOS_ADICIONALES,"CFE,Celular (aplicación)",yes,Sistema de agua,yes,Proveedor de gas,no,Tienda de conveniencia (e.g. OXXO),yes,Tienda de conveniencia (e.g. OXXO),yes,Servicio de recarga ,Female,Produce (fruits & vegetables),ABARROTES FRUTAS Y VERDURAS “HERNÁNDEZ”,1 Photo,19.02567043,-98.24925117,4.0,1.0,0.0,0.0,50.0,100.0,42.0
33,d97dbd74-c8fd-4388-ba5f-e1b875e5b86d,"November 7, 2022",2022-11-10 00:00:52 UTC,Pablo Jesús Pérez Franklin,SRID=4326;POINT(-98.2491542771 19.025403552),Efectivo,yes,CONSUMIBLE_NO_DISPONIBLE,más de 10 cuadras,Automóvil,PRODUCTOS_ADICIONALES,Aplicación ,INFO_NO_PROPORCIONADA,Sistema de agua,yes,Proveedor de gas,no,Tienda de conveniencia (e.g. OXXO),yes,No lo hago,yes,Alimentos como pollo,Male,Grocery store (aka. nanostore),Misceláneas San Juditas,1 Photo,19.02540355,-98.24915428,4.0,6.0,4.0,0.0,50.0,50.0,50.0
34,d858040d-2adb-4830-84b4-407d0de306c8,"November 4, 2022",2022-11-09 23:32:33 UTC,José Zapata,SRID=4326;POINT(-98.217873 19.01854),Efectivo,yes,CONSUMIBLE_NO_DISPONIBLE,0 a 3 cuadras,A pie,PRODUCTOS_ADICIONALES,CFE,yes,Sistema de agua,yes,Aplicación,yes,Tienda de conveniencia (e.g. OXXO),yes,Tienda de conveniencia (e.g. OXXO),yes,Pagos,Male,Grocery store (aka. nanostore),Recaudattán,1 Photo,19.01854,-98.217873,4.0,2.0,2.0,0.0,30.0,30.0,20.0
35,93f89401-7f8b-4ef3-ba89-a3f407b4ef69,"November 9, 2022",2022-11-09 23:19:13 UTC,Amaranta Hernández,SRID=4326;POINT(-98.166423887 19.072236547),Efectivo,yes,CONSUMIBLE_NO_DISPONIBLE,0 a 3 cuadras,A pie,PRODUCTOS_ADICIONALES,CFE,no,Sistema de agua,no,Proveedor de gas,no,"Farmacia ,Tienda de conveniencia (e.g. OXXO)",yes,No lo hago,no,INFO_NO_PROPORCIONADA,Female,Grocery store (aka. nanostore),ILYA PAPELERÍA ,1 Photo,19.07223655,-98.16642389,,0.0,0.0,0.0,0.0,0.0,67.0
36,328e10e9-cc6d-47d5-8cee-1cc56e2201bd,"November 9, 2022",2022-11-09 23:19:12 UTC,Amaranta Hernández,SRID=4326;POINT(-98.1656574458 19.0723740694),Efectivo,yes,CONSUMIBLE_NO_DISPONIBLE,0 a 3 cuadras,A pie,PRODUCTOS_ADICIONALES,App,no,App,no,App,INFO_NO_PROPORCIONADA,App,INFO_NO_PROPORCIONADA,No lo hago,no,INFO_NO_PROPORCIONADA,Female,Micro-restaurant (aka. fondita),Antojitos ,1 Photo,19.07237407,-98.16565745,5.0,3.0,1.0,0.0,0.0,0.0,33.0
37,a952bc44-ff6f-4c68-828f-594566388269,"November 9, 2022",2022-11-09 23:19:12 UTC,Amaranta Hernández,SRID=4326;POINT(-98.1666609272 19.0697383098),Efectivo,yes,CONSUMIBLE_NO_DISPONIBLE,4 a 6 cuadras,A pie,PRODUCTOS_ADICIONALES,No lo hago,no,No lo hago,no,No lo hago,no,No lo hago,no,No lo hago,no,INFO_NO_PROPORCIONADA,Female,Grocery store (aka. nanostore),El supercito ,1 Photo,19.06973831,-98.16666093,2.0,2.0,1.0,0.0,0.0,0.0,21.0
38,84785c1b-15a9-4b2b-98e1-6d7f74277927,"November 9, 2022",2022-11-09 23:19:11 UTC,Amaranta Hernández,SRID=4326;POINT(-98.1665194407 19.0696236004),Efectivo,yes,CONSUMIBLE_NO_DISPONIBLE,más de 10 cuadras,Transporte público,PRODUCTOS_ADICIONALES,"CFE,En línea ",no,En línea ,no,"En línea ,Proveedor de gas",no,Tienda de conveniencia (e.g. OXXO),no,No lo hago,no,INFO_NO_PROPORCIONADA,Female,Micro-restaurant (aka. fondita),Café Donatelli,1 Photo,19.0696236,-98.16651944,1.0,4.0,9.0,0.0,0.0,0.0,18.0
39,49cfc1e7-8560-4aec-8973-d55b559e3336,"November 9, 2022",2022-11-09 23:19:11 UTC,Amaranta Hernández,SRID=4326;POINT(-98.1676251814 19.0708933214),Efectivo,yes,CONSUMIBLE_NO_DISPONIBLE,más de 10 cuadras,Transporte público,PRODUCTOS_ADICIONALES,CFE,no,Sistema de agua,no,Proveedor de gas,no,No lo hago,no,No lo hago,no,INFO_NO_PROPORCIONADA,Male,Micro-restaurant (aka. fondita),(No tiene nombre) ,1 Photo,19.07089332,-98.16762518,1.0,2.0,0.0,0.0,0.0,0.0,18.0
40,85c26824-a563-41eb-8bb4-1604e967d9bb,"November 9, 2022",2022-11-09 23:19:10 UTC,Amaranta Hernández,SRID=4326;POINT(-98.1671138853 19.071234278),Efectivo,yes,CONSUMIBLE_NO_DISPONIBLE,más de 10 cuadras,Automóvil,PRODUCTOS_ADICIONALES,CFE,yes,Sistema de agua,yes,Proveedor de gas,yes,Banco,no,No lo hago,no,INFO_NO_PROPORCIONADA,Male,Grocery store (aka. nanostore),El León,1 Photo,19.07123428,-98.16711389,2.0,2.0,5.0,6.0,200.0,200.0,20.0
41,f16783bf-0337-40af-b4c2-bf40e9e0d78a,"November 9, 2022",2022-11-09 23:19:10 UTC,Amaranta Hernández,SRID=4326;POINT(-98.1671024859 19.0712311093),Efectivo,yes,CONSUMIBLE_NO_DISPONIBLE,más de 10 cuadras,Transporte público,PRODUCTOS_ADICIONALES,CFE,yes,Sistema de agua,yes,Proveedor de gas,yes,Tienda de conveniencia (e.g. OXXO),yes,No lo hago,yes,Pago de servicios ,Female,Grocery store (aka. nanostore),El León ,1 Photo,19.07123111,-98.16710249,1.0,0.0,0.0,0.0,50.0,50.0,19.0
42,8476942c-3475-4386-a2eb-57e8c7cac9ee,"November 9, 2022",2022-11-09 23:19:09 UTC,Amaranta Hernández,SRID=4326;POINT(-98.1671789289 19.0711623476),Efectivo,yes,CONSUMIBLE_NO_DISPONIBLE,más de 10 cuadras,Transporte público,PRODUCTOS_ADICIONALES,CFE,no,Sistema de agua,no,No lo hago,no,No lo hago,no,No lo hago,no,INFO_NO_PROPORCIONADA,Male,Grocery store (aka. nanostore),La universitaria ,1 Photo,19.07116235,-98.16717893,2.0,0.0,0.0,0.0,0.0,0.0,22.0
43,811a4e98-1f23-4410-8842-4a60c0dad15c,"November 9, 2022",2022-11-09 23:19:09 UTC,Amaranta Hernández,SRID=4326;POINT(-98.1671712175 19.0711626645),Efectivo,yes,CONSUMIBLE_NO_DISPONIBLE,más de 10 cuadras,Transporte público,PRODUCTOS_ADICIONALES,En línea ,no,En línea ,no,Proveedor de gas,no,En línea ,yes,No lo hago,no,INFO_NO_PROPORCIONADA,Male,Grocery store (aka. nanostore),La universitaria ,1 Photo,19.07116266,-98.16717122,1.0,4.0,2.0,0.0,10.0,10.0,22.0
44,7a8c638f-c833-499f-90ef-8e01278d19e7,"November 9, 2022",2022-11-09 23:19:08 UTC,Amaranta Hernández,SRID=4326;POINT(-98.1671775877 19.0711556933),Efectivo,yes,CONSUMIBLE_NO_DISPONIBLE,más de 10 cuadras,Transporte público,PRODUCTOS_ADICIONALES,Tienda de conveniencia (e.g. OXXO),no,No lo hago,no,Proveedor de gas,no,Tienda de conveniencia (e.g. OXXO),no,No lo hago,no,INFO_NO_PROPORCIONADA,Female,Grocery store (aka. nanostore),La universitaria ,1 Photo,19.07115569,-98.16717759,3.0,2.0,3.0,0.0,0.0,0.0,19.0
45,b6f1ef8b-896f-49c5-9bb0-f0d542628ae1,"November 9, 2022",2022-11-09 23:19:08 UTC,Amaranta Hernández,SRID=4326;POINT(-98.1676315516 19.0708949058),Efectivo,yes,CONSUMIBLE_NO_DISPONIBLE,0 a 3 cuadras,A pie,PRODUCTOS_ADICIONALES,CFE,yes,Sistema de agua,yes,Proveedor de gas,yes,Banco,yes,Banco,yes,Servicios ,Male,Micro-restaurant (aka. fondita),(No tiene nombre) ,1 Photo,19.07089491,-98.16763155,2.0,3.0,10.0,0.0,50.0,50.0,22.0
46,e66a2d74-d4d1-4897-8a49-6f2af560080a,"November 9, 2022",2022-11-09 23:19:07 UTC,Amaranta Hernández,SRID=4326;POINT(-98.1676261872 19.0708980745),Efectivo,yes,CONSUMIBLE_NO_DISPONIBLE,7 a 10 cuadras,A pie,PRODUCTOS_ADICIONALES,Supermercado,yes,Sistema de agua,yes,Proveedor de gas,yes,Tienda de conveniencia (e.g. OXXO),yes,Tienda de conveniencia (e.g. OXXO),yes,Pago de servicios ,Male,Micro-restaurant (aka. fondita),(No tiene nombre) ,1 Photo,19.07089807,-98.16762619,2.0,6.0,5.0,0.0,40.0,40.0,20.0
47,3e5a3d58-b05e-4c44-bdb2-fe94ee01fcd4,"November 9, 2022",2022-11-09 23:19:07 UTC,Amaranta Hernández,SRID=4326;POINT(-98.1676328927 19.0708936383),Efectivo,yes,CONSUMIBLE_NO_DISPONIBLE,7 a 10 cuadras,Automóvil,PRODUCTOS_ADICIONALES,CFE,no,Sistema de agua,no,Proveedor de gas,no,Banco,no,Banco,no,INFO_NO_PROPORCIONADA,Male,Micro-restaurant (aka. fondita),(No tiene nombre),1 Photo,19.07089364,-98.16763289,2.0,1.0,8.0,0.0,50.0,100.0,18.0
48,014c8aaf-c970-47d4-96ff-1e4c1cc9cff5,"November 9, 2022",2022-11-09 23:19:07 UTC,Amaranta Hernández,SRID=4326;POINT(-98.167602968 19.0706738863),Efectivo,yes,CONSUMIBLE_NO_DISPONIBLE,más de 10 cuadras,Automóvil,PRODUCTOS_ADICIONALES,CFE,no,Sistema de agua,no,Proveedor de gas,no,Tienda de conveniencia (e.g. OXXO),no,No lo hago,no,INFO_NO_PROPORCIONADA,Male,Cafeteria,Sagrado juguito ,IMAGEN_NO_PROPORCIONADA,19.07067389,-98.16760297,1.0,5.0,10.0,0.0,55.0,55.0,21.0
49,c0a17903-eff6-4e5c-8c45-de2dc0245cce,"November 9, 2022",2022-11-09 23:19:06 UTC,Amaranta Hernández,SRID=4326;POINT(-98.1671702117 19.0711531583),Efectivo,yes,CONSUMIBLE_NO_DISPONIBLE,0 a 3 cuadras,Transporte público,PRODUCTOS_ADICIONALES,CFE,no,No lo hago,no,Proveedor de gas,no,No lo hago,no,No lo hago,no,INFO_NO_PROPORCIONADA,Female,Grocery store (aka. nanostore),La universitaria ,1 Photo,19.07115316,-98.16717021,1.0,0.0,1.0,1.0,5.0,5.0,22.0
50,b548980c-402b-46d3-8a36-85780245dfbf,"November 9, 2022",2022-11-09 23:19:05 UTC,Amaranta Hernández,SRID=4326;POINT(-98.1670967862 19.0712510723),Efectivo,yes,CONSUMIBLE_NO_DISPONIBLE,más de 10 cuadras,Transporte público,PRODUCTOS_ADICIONALES,CFE,no,Sistema de agua,no,Proveedor de gas,no,Tienda de conveniencia (e.g. OXXO),no,No lo hago,no,INFO_NO_PROPORCIONADA,Male,Produce (fruits & vegetables),Hermanos Gonzales ,1 Photo,19.07125107,-98.16709679,1.0,0.0,3.0,0.0,100.0,100.0,21.0
51,f03fafe6-b525-48d7-afe2-6ba197f6df8b,"November 9, 2022",2022-11-09 23:19:04 UTC,Amaranta Hernández,SRID=4326;POINT(-98.1671105325 19.0712311093),Efectivo,yes,CONSUMIBLE_NO_DISPONIBLE,más de 10 cuadras,Transporte público,PRODUCTOS_ADICIONALES,CFE,no,Sistema de agua,no,Proveedor de gas,no,Tienda de conveniencia (e.g. OXXO),no,No lo hago,no,INFO_NO_PROPORCIONADA,Male,Grocery store (aka. nanostore),El León,1 Photo,19.07123111,-98.16711053,3.0,1.0,0.0,0.0,0.0,0.0,18.0
52,0b50be9b-8a66-4818-9241-22817feb9ae4,"November 9, 2022",2022-11-09 23:19:04 UTC,Amaranta Hernández,SRID=4326;POINT(-98.1671112031 19.0712238212),Efectivo,yes,CONSUMIBLE_NO_DISPONIBLE,más de 10 cuadras,Transporte público,PRODUCTOS_ADICIONALES,En línea ,no,En línea ,no,En línea ,no,En línea ,no,No lo hago,yes,Servicio a domicilio ,Male,Grocery store (aka. nanostore),El León,1 Photo,19.07122382,-98.1671112,3.0,7.0,5.0,0.0,,300.0,22.0
53,acd7eff1-85ca-4d66-8bdc-94f064a9833e,"November 9, 2022",2022-11-09 23:19:03 UTC,Amaranta Hernández,SRID=4326;POINT(-98.1671145558 19.0712269899),Efectivo,yes,CONSUMIBLE_NO_DISPONIBLE,0 a 3 cuadras,A pie,PRODUCTOS_ADICIONALES,No lo hago,no,No lo hago,no,No lo hago,no,Tienda de conveniencia (e.g. OXXO),no,No lo hago,yes,Entrega a domicilio ,Male,Grocery store (aka. nanostore),Tontería y tienda “El León”,1 Photo,19.07122699,-98.16711456,2.0,2.0,1.0,0.0,50.0,50.0,24.0
54,02c19dfb-29f0-44be-ae71-ab382da68658,"November 9, 2022",2022-11-09 23:19:03 UTC,Amaranta Hernández,SRID=4326;POINT(-98.1672017276 19.0713759206),Efectivo,yes,CONSUMIBLE_NO_DISPONIBLE,más de 10 cuadras,Transporte público,PRODUCTOS_ADICIONALES,Banco,no,Sistema de agua,no,Proveedor de gas,no,Tienda de conveniencia (e.g. OXXO),no,No lo hago,no,INFO_NO_PROPORCIONADA,Male,Grocery store (aka. nanostore),Lonchería Karina,1 Photo,19.07137592,-98.16720173,1.0,3.0,0.0,0.0,0.0,0.0,22.0
55,0f0c4409-0781-45a5-b834-e20839c4a36a,"November 9, 2022",2022-11-09 23:19:02 UTC,Amaranta Hernández,SRID=4326;POINT(-98.1669915095 19.0716601559),Efectivo,yes,CONSUMIBLE_NO_DISPONIBLE,0 a 3 cuadras,A pie,PRODUCTOS_ADICIONALES,No lo hago,no,No lo hago,no,No lo hago,no,Tienda de conveniencia (e.g. OXXO),no,No lo hago,no,INFO_NO_PROPORCIONADA,Female,Cafeteria,Jugueria Cristy ,1 Photo,19.07166016,-98.16699151,1.0,0.0,0.0,0.0,30.0,30.0,20.0
56,b9829918-2c20-4e66-8466-bec35eaabaed,"November 9, 2022",2022-11-09 23:19:01 UTC,Amaranta Hernández,SRID=4326;POINT(-98.167033419 19.0716028019),Efectivo,yes,CONSUMIBLE_NO_DISPONIBLE,más de 10 cuadras,Transporte público,PRODUCTOS_ADICIONALES,En línea ,no,En línea ,no,Proveedor de gas,no,Tienda de conveniencia (e.g. OXXO),no,Tienda de conveniencia (e.g. OXXO),no,INFO_NO_PROPORCIONADA,Female,Micro-restaurant (aka. fondita),Antojitos las bilingües ,1 Photo,19.0716028,-98.16703342,1.0,0.0,0.0,0.0,0.0,0.0,21.0
57,51b17ed4-ab42-4e64-aaa5-b70218ff90ac,"November 9, 2022",2022-11-09 23:19:00 UTC,Amaranta Hernández,SRID=4326;POINT(-98.1670367718 19.0716009007),Efectivo,yes,CONSUMIBLE_NO_DISPONIBLE,7 a 10 cuadras,Automóvil,PRODUCTOS_ADICIONALES,"CFE,Tienda de conveniencia (e.g. OXXO)",INFO_NO_PROPORCIONADA,"Sistema de agua,Tienda de conveniencia (e.g. OXXO)",no,Tienda de conveniencia (e.g. OXXO),no,Tienda de conveniencia (e.g. OXXO),no,Tienda de conveniencia (e.g. OXXO),no,INFO_NO_PROPORCIONADA,Male,Micro-restaurant (aka. fondita),Antojitos las Bilingües ,1 Photo,19.0716009,-98.16703677,1.0,0.0,0.0,0.0,0.0,0.0,45.0
58,fc30f1f5-5f82-4a09-8435-d4ad2f7d9b90,"November 9, 2022",2022-11-09 23:12:54 UTC,Gianluca De la rosa,SRID=4326;POINT(-98.1655981019 19.0722847115),Efectivo,yes,CONSUMIBLE_NO_DISPONIBLE,0 a 3 cuadras,A pie,PRODUCTOS_ADICIONALES,"CFE,Supermercado",yes,"Sistema de agua,Supermercado",yes,"Proveedor de gas,Supermercado",yes,Fonda,yes,Banco,yes,INFO_NO_PROPORCIONADA,Female,Butcher shop,La Esmeralda ,1 Photo,19.07228471,-98.1655981,6.0,0.0,0.0,0.0,80.0,0.0,64.0
59,31a30cd8-15df-43c5-a6a9-037eb4dd53e1,"November 9, 2022",2022-11-09 23:12:54 UTC,Gianluca De la rosa,SRID=4326;POINT(-98.1664822251 19.0696102916),Efectivo,yes,CONSUMIBLE_NO_DISPONIBLE,0 a 3 cuadras,A pie,PRODUCTOS_ADICIONALES,CFE,yes,Sistema de agua,yes,Proveedor de gas,yes,Fonda,yes,Banco,yes,Pago de servicios ,Male,Micro-restaurant (aka. fondita),Donatelli Caffe D’Amici,1 Photo,19.06961029,-98.16648223,4.0,2.0,20.0,2.0,50.0,,50.0
60,312f228d-4803-4fc1-90c8-0a76470af6dd,"November 9, 2022",2022-11-09 23:12:54 UTC,Gianluca De la rosa,SRID=4326;POINT(-98.1673499197 19.0709443382),Efectivo,yes,CONSUMIBLE_NO_DISPONIBLE,más de 10 cuadras,Transporte público,PRODUCTOS_ADICIONALES,Tienda de conveniencia (e.g. OXXO),yes,Tienda de conveniencia (e.g. OXXO),yes,Tienda de conveniencia (e.g. OXXO),yes,Tienda de conveniencia (e.g. OXXO),yes,Tienda de conveniencia (e.g. OXXO),yes,Pago de servicios ,Male,Produce (fruits & vegetables),——,IMAGEN_NO_PROPORCIONADA,19.07094434,-98.16734992,1.0,2.0,3.0,0.0,40.0,100.0,19.0
61,444e17df-1335-4df2-b851-be4d806a8b1c,"November 9, 2022",2022-11-09 23:12:53 UTC,Gianluca De la rosa,SRID=4326;POINT(-98.1674313918 19.0708461071),Efectivo,yes,CONSUMIBLE_NO_DISPONIBLE,más de 10 cuadras,Automóvil,PRODUCTOS_ADICIONALES,Tienda de conveniencia (e.g. OXXO),yes,Tienda de conveniencia (e.g. OXXO),yes,Tienda de conveniencia (e.g. OXXO),yes,Tienda de conveniencia (e.g. OXXO),yes,"Banco,Tienda de conveniencia (e.g. OXXO)",yes,Pago de servicios ,Male,Micro-restaurant (aka. fondita),Maravillas ,1 Photo,19.07084611,-98.16743139,1.0,,,0.0,30.0,200.0,18.0
62,633c4f73-b69a-4c5b-93a0-37ab3c95e6d2,"November 9, 2022",2022-11-09 23:12:52 UTC,Gianluca De la rosa,SRID=4326;POINT(-98.1675685197 19.0707038304),Efectivo,yes,CONSUMIBLE_NO_DISPONIBLE,más de 10 cuadras,Transporte público,PRODUCTOS_ADICIONALES,Tienda de conveniencia (e.g. OXXO),no,Tienda de conveniencia (e.g. OXXO),no,Tienda de conveniencia (e.g. OXXO),no,Tienda de conveniencia (e.g. OXXO),no,Tienda de conveniencia (e.g. OXXO),no,INFO_NO_PROPORCIONADA,Female,Grocery store (aka. nanostore),Super Tec,1 Photo,19.07070383,-98.16756852,5.0,0.0,0.0,0.0,0.0,100.0,26.0
63,a3c40907-9972-454b-86c3-62ddd052df28,"November 9, 2022",2022-11-09 23:12:52 UTC,Gianluca De la rosa,SRID=4326;POINT(-98.1676165165 19.0708327664),Efectivo,yes,CONSUMIBLE_NO_DISPONIBLE,más de 10 cuadras,Transporte público,PRODUCTOS_ADICIONALES,Tienda de conveniencia (e.g. OXXO),yes,Tienda de conveniencia (e.g. OXXO),yes,Tienda de conveniencia (e.g. OXXO),yes,Tienda de conveniencia (e.g. OXXO),yes,Tienda de conveniencia (e.g. OXXO),yes,Pago de servicios ,Female,Micro-restaurant (aka. fondita),——,1 Photo,19.07083277,-98.16761652,3.0,3.0,1.0,2.0,30.0,30.0,18.0
64,d8a6f0cf-d901-4fc1-b1ab-d02811d79266,"November 9, 2022",2022-11-09 23:12:52 UTC,Gianluca De la rosa,SRID=4326;POINT(-98.1675953418 19.070659151),Efectivo,yes,CONSUMIBLE_NO_DISPONIBLE,más de 10 cuadras,Transporte público,PRODUCTOS_ADICIONALES,No lo hago,yes,No lo hago,yes,No lo hago,yes,No lo hago,yes,No lo hago,no,INFO_NO_PROPORCIONADA,Male,Cafeteria,Sagrado Juguito ,IMAGEN_NO_PROPORCIONADA,19.07065915,-98.16759534,3.0,2.0,0.0,2.0,30.0,30.0,19.0
65,dc21e7ba-0fbc-4c41-819c-934272a52526,"November 9, 2022",2022-11-09 23:12:51 UTC,Gianluca De la rosa,SRID=4326;POINT(-98.1671685353 19.0711506233),Efectivo,yes,CONSUMIBLE_NO_DISPONIBLE,más de 10 cuadras,Transporte público,PRODUCTOS_ADICIONALES,CFE,yes,Sistema de agua,yes,Proveedor de gas,yes,Tienda de conveniencia (e.g. OXXO),yes,Banco,yes,Pago de servicios ,Male,Grocery store (aka. nanostore),La Universitaria ,1 Photo,19.07115062,-98.16716854,1.0,10.0,6.0,5.0,100.0,100.0,18.0
66,fb3b6372-3d9f-431d-a15b-401652b3c3dd,"November 9, 2022",2022-11-09 23:12:51 UTC,Gianluca De la rosa,SRID=4326;POINT(-98.1670884043 19.0712542411),Efectivo,yes,CONSUMIBLE_NO_DISPONIBLE,más de 10 cuadras,Transporte público,PRODUCTOS_ADICIONALES,CFE,yes,Sistema de agua,yes,Proveedor de gas,yes,Fonda,yes,Fonda,yes,Pago de servicios ,Male,Produce (fruits & vegetables),Pollería y Recauderia “Hnos González” ,IMAGEN_NO_PROPORCIONADA,19.07125424,-98.1670884,2.0,2.0,1.0,5.0,150.0,150.0,26.0
67,937f5847-78b2-4acb-b397-fa3122ca1b84,"November 9, 2022",2022-11-09 23:12:50 UTC,Gianluca De la rosa,SRID=4326;POINT(-98.1670961156 19.0712460024),Tarjeta de débito y/o crédito,yes,CONSUMIBLE_NO_DISPONIBLE,más de 10 cuadras,Transporte público,PRODUCTOS_ADICIONALES,"Banco,Tienda de conveniencia (e.g. OXXO)",no,"Banco,Tienda de conveniencia (e.g. OXXO)",no,"Banco,Tienda de conveniencia (e.g. OXXO)",no,Tienda de conveniencia (e.g. OXXO),no,"Banco,Tienda de conveniencia (e.g. OXXO)",yes,Retiro de efectivo ,Male,Grocery store (aka. nanostore),El León,1 Photo,19.071246,-98.16709612,3.0,5.0,3.0,0.0,80.0,100.0,18.0
68,92188493-c1d6-4713-a574-4338f1757622,"November 9, 2022",2022-11-09 23:12:50 UTC,Gianluca De la rosa,SRID=4326;POINT(-98.1670984626 19.0712466361),Efectivo,yes,CONSUMIBLE_NO_DISPONIBLE,más de 10 cuadras,Automóvil,PRODUCTOS_ADICIONALES,Supermercado,no,Supermercado,no,Supermercado,no,Supermercado,no,Supermercado,no,INFO_NO_PROPORCIONADA,Female,Grocery store (aka. nanostore),El León,1 Photo,19.07124664,-98.16709846,4.0,2.0,2.0,0.0,,150.0,23.0
69,6f9da911-9487-4564-94cd-b189c490ac17,"November 9, 2022",2022-11-09 23:12:49 UTC,Gianluca De la rosa,SRID=4326;POINT(-98.1670971215 19.0712472699),Efectivo,yes,CONSUMIBLE_NO_DISPONIBLE,más de 10 cuadras,Transporte público,PRODUCTOS_ADICIONALES,Tienda de conveniencia (e.g. OXXO),no,Tienda de conveniencia (e.g. OXXO),no,Tienda de conveniencia (e.g. OXXO),no,Tienda de conveniencia (e.g. OXXO),no,Tienda de conveniencia (e.g. OXXO),no,INFO_NO_PROPORCIONADA,Male,Grocery store (aka. nanostore),El león,1 Photo,19.07124727,-98.16709712,5.0,1.0,0.0,0.0,100.0,20.0,22.0
70,aebc091c-a2c1-483c-a8c0-7df6c71e369c,"November 9, 2022",2022-11-09 23:12:49 UTC,Gianluca De la rosa,SRID=4326;POINT(-98.1671795994 19.071394933),Efectivo,yes,CONSUMIBLE_NO_DISPONIBLE,más de 10 cuadras,Transporte público,PRODUCTOS_ADICIONALES,Tienda de conveniencia (e.g. OXXO),no,Tienda de conveniencia (e.g. OXXO),no,Tienda de conveniencia (e.g. OXXO),no,Tienda de conveniencia (e.g. OXXO),no,"Banco,Tienda de conveniencia (e.g. OXXO)",no,INFO_NO_PROPORCIONADA,Male,Grocery store (aka. nanostore),Lonchería Karina,1 Photo,19.07139493,-98.1671796,2.0,2.0,5.0,2.0,80.0,150.0,21.0
71,3022a296-411d-46e6-acd8-c773a5722936,"November 9, 2022",2022-11-09 23:12:48 UTC,Gianluca De la rosa,SRID=4326;POINT(-98.1669918448 19.0716620572),Efectivo,yes,CONSUMIBLE_NO_DISPONIBLE,4 a 6 cuadras,A pie,PRODUCTOS_ADICIONALES,Banco,no,Banco,no,Banco,no,Banco,no,Banco,no,INFO_NO_PROPORCIONADA,Female,Cafeteria,Jugueria Cristy ,1 Photo,19.07166206,-98.16699184,1.0,0.0,0.0,1.0,0.0,0.0,29.0
72,2aa92a65-1905-45c5-8ad8-8f0aa3220832,"November 9, 2022",2022-11-09 23:12:48 UTC,Gianluca De la rosa,SRID=4326;POINT(-98.167033419 19.0716069213),Efectivo,yes,CONSUMIBLE_NO_DISPONIBLE,más de 10 cuadras,Automóvil,PRODUCTOS_ADICIONALES,CFE,no,Sistema de agua,no,Proveedor de gas,no,Fonda,no,Banco,yes,Variedad de alimentos ,Female,Micro-restaurant (aka. fondita),Antojitos “Las Bilingües” ,1 Photo,19.07160692,-98.16703342,1.0,2.0,0.0,5.0,30.0,30.0,21.0
73,ac893814-01ab-40e9-a87d-6f5a56404f42,"November 9, 2022",2022-11-09 23:12:47 UTC,Gianluca De la rosa,SRID=4326;POINT(-98.1669918448 19.0716604728),Efectivo,yes,CONSUMIBLE_NO_DISPONIBLE,4 a 6 cuadras,Automóvil,PRODUCTOS_ADICIONALES,Tienda de conveniencia (e.g. OXXO),no,Tienda de conveniencia (e.g. OXXO),no,Tienda de conveniencia (e.g. OXXO),no,Tienda de conveniencia (e.g. OXXO),no,Tienda de conveniencia (e.g. OXXO),no,INFO_NO_PROPORCIONADA,Female,Cafeteria,Juguería Cristy,1 Photo,19.07166047,-98.16699184,2.0,1.0,0.0,0.0,50.0,50.0,50.0
74,cf4d7ad6-509f-4f30-b8b7-27245ec16b62,"November 7, 2022",2022-11-09 22:59:07 UTC,Ulises Núñez Bautista,SRID=4326;POINT(-98.2224064777 19.0578233591),Efectivo,yes,CONSUMIBLE_NO_DISPONIBLE,4 a 6 cuadras,A pie,PRODUCTOS_ADICIONALES,Tienda de conveniencia (e.g. OXXO),no,"Sistema de agua,Supermercado",no,Proveedor de gas,no,No lo hago,yes,Tienda de conveniencia (e.g. OXXO),no,INFO_NO_PROPORCIONADA,Male,Grocery store (aka. nanostore),OEM service ,1 Photo,19.05782336,-98.22240648,1.0,2.0,4.0,1.0,50.0,100.0,38.0
75,0e2a0ef0-ec2c-456d-8ab3-ee16f65bb52e,"November 9, 2022",2022-11-09 22:48:37 UTC,Oscar Morales,SRID=4326;POINT(-98.2615284442 19.0192516253),Efectivo,yes,CONSUMIBLE_NO_DISPONIBLE,4 a 6 cuadras,A pie,PRODUCTOS_ADICIONALES,CFE,no,Sistema de agua,no,Proveedor de gas,no,Tienda de conveniencia (e.g. OXXO),yes,No lo hago,no,INFO_NO_PROPORCIONADA,Male,Micro-restaurant (aka. fondita),Buffet de tacos,1 Photo,19.01925163,-98.26152844,1.0,0.0,0.0,0.0,20.0,50.0,50.0
76,4d677079-0ae3-4166-afb9-802c21d9d19b,"November 7, 2022",2022-11-08 14:55:09 UTC,Jorge Alberto Ostorga Flores,SRID=4326;POINT(-98.222345439 19.0579346723),Tarjeta de débito y/o crédito,yes,CONSUMIBLE_NO_DISPONIBLE,7 a 10 cuadras,Transporte público,PRODUCTOS_ADICIONALES,Tienda de conveniencia (e.g. OXXO),no,Tienda de conveniencia (e.g. OXXO),no,Proveedor de gas,no,No lo hago,no,Tienda de conveniencia (e.g. OXXO),no,INFO_NO_PROPORCIONADA,Male,Grocery store (aka. nanostore),ValTech,1 Photo,19.05793467,-98.22234544,1.0,2.0,3.0,0.0,0.0,50.0,28.0
77,43e53a54-f1ed-4fe4-a53f-16851deecd59,"November 7, 2022",2022-11-08 04:13:14 UTC,Danna María Mosqueda Hernández,SRID=4326;POINT(-98.2617088594 19.0187882027),Tarjeta de débito y/o crédito,yes,CONSUMIBLE_NO_DISPONIBLE,más de 10 cuadras,Automóvil,PRODUCTOS_ADICIONALES,No lo hago,no,No lo hago,no,No lo hago,no,Tienda de conveniencia (e.g. OXXO),no,Banco,no,INFO_NO_PROPORCIONADA,Male,Cafeteria,Rey Patata,1 Photo,19.0187882,-98.26170886,1.0,5.0,10.0,0.0,30.0,80.0,20.0
78,df0cf8f3-bb6b-40aa-83d3-867756544e41,"November 7, 2022",2022-11-08 04:13:13 UTC,Danna María Mosqueda Hernández,SRID=4326;POINT(-98.2625222119 19.0192133175),Efectivo,yes,CONSUMIBLE_NO_DISPONIBLE,más de 10 cuadras,Automóvil,PRODUCTOS_ADICIONALES,"CFE,Tienda de conveniencia (e.g. OXXO)",no,"Banco,Sistema de agua,Tienda de conveniencia (e.g. OXXO)",no,"Banco,Proveedor de gas",no,"Banco,Tienda de conveniencia (e.g. OXXO)",no,Tienda de conveniencia (e.g. OXXO),no,INFO_NO_PROPORCIONADA,Male,Micro-restaurant (aka. fondita),Los sabores,1 Photo,19.01921332,-98.26252221,3.0,1.0,5.0,0.0,50.0,120.0,25.0
79,8a2eb840-887d-4852-9c41-22d54613e1c6,"November 7, 2022",2022-11-08 04:13:13 UTC,Danna María Mosqueda Hernández,SRID=4326;POINT(-98.2625588265 19.0196435072),Transferencia interbancaria,yes,CONSUMIBLE_NO_DISPONIBLE,4 a 6 cuadras,Bicicleta,PRODUCTOS_ADICIONALES,"CFE,Tienda de conveniencia (e.g. OXXO)",no,"Sistema de agua,Tienda de conveniencia (e.g. OXXO)",no,"Mobile app,Proveedor de gas",no,"Mobile app,Tienda de conveniencia (e.g. OXXO)",no,"Banco,Tienda de conveniencia (e.g. OXXO)",no,INFO_NO_PROPORCIONADA,Male,Micro-restaurant (aka. fondita),Cemitas del carmen ,1 Photo,19.01964351,-98.26255883,2.0,1.0,3.0,0.0,40.0,100.0,26.0
80,8d723f66-aba1-4f0f-90b9-2589522e6b39,"November 7, 2022",2022-11-08 04:13:12 UTC,Danna María Mosqueda Hernández,SRID=4326;POINT(-98.2624608 19.0200849669),Efectivo,yes,CONSUMIBLE_NO_DISPONIBLE,más de 10 cuadras,Automóvil,PRODUCTOS_ADICIONALES,"CFE,Tienda de conveniencia (e.g. OXXO)",no,"Sistema de agua,Tienda de conveniencia (e.g. OXXO)",no,Proveedor de gas,no,"App,Tienda de conveniencia (e.g. OXXO)",no,App,yes,Más platillos,Female,Micro-restaurant (aka. fondita),El Brunch,1 Photo,19.02008497,-98.2624608,3.0,2.0,6.0,0.0,30.0,80.0,22.0
81,9c925e71-dc95-4389-a68f-d92e08f5f397,"November 7, 2022",2022-11-08 04:13:11 UTC,Danna María Mosqueda Hernández,SRID=4326;POINT(-98.2611493421 19.022423871),Efectivo,yes,CONSUMIBLE_NO_DISPONIBLE,0 a 3 cuadras,A pie,PRODUCTOS_ADICIONALES,Tienda de conveniencia (e.g. OXXO),no,"Sistema de agua,Tienda de conveniencia (e.g. OXXO)",no,Proveedor de gas,no,"Mobile app,Tienda de conveniencia (e.g. OXXO)",no,"Banco,Tienda de conveniencia (e.g. OXXO)",no,INFO_NO_PROPORCIONADA,Female,Butcher shop,Mr. Green,1 Photo,19.02242387,-98.26114934,4.0,0.0,0.0,5.0,30.0,50.0,36.0
82,1c9ac28a-1c57-454a-946e-14425046ac60,"November 7, 2022",2022-11-08 04:13:11 UTC,Danna María Mosqueda Hernández,SRID=4326;POINT(-98.2608573122 19.0223302274),Transferencia interbancaria,yes,CONSUMIBLE_NO_DISPONIBLE,más de 10 cuadras,Automóvil,PRODUCTOS_ADICIONALES,CFE,no,Sistema de agua,no,"Proveedor de gas,Tienda de conveniencia (e.g. OXXO)",no,Tienda de conveniencia (e.g. OXXO),no,"Banco,Tienda de conveniencia (e.g. OXXO)",no,INFO_NO_PROPORCIONADA,Male,Micro-restaurant (aka. fondita),El sazón de la jarochita,1 Photo,19.02233023,-98.26085731,1.0,2.0,4.0,0.0,40.0,90.0,33.0
83,f18d97ac-0207-4ab7-95a5-c3d07ed79c11,"November 7, 2022",2022-11-08 04:13:10 UTC,Danna María Mosqueda Hernández,SRID=4326;POINT(-98.2599681058 19.0221065143),Tarjeta de débito y/o crédito,yes,CONSUMIBLE_NO_DISPONIBLE,4 a 6 cuadras,Transporte público,PRODUCTOS_ADICIONALES,"CFE,Tienda de conveniencia (e.g. OXXO)",INFO_NO_PROPORCIONADA,Sistema de agua,INFO_NO_PROPORCIONADA,Proveedor de gas,INFO_NO_PROPORCIONADA,Tienda de conveniencia (e.g. OXXO),INFO_NO_PROPORCIONADA,Tienda de conveniencia (e.g. OXXO),no,INFO_NO_PROPORCIONADA,Male,Grocery store (aka. nanostore),Superlim todo en limpieza ,1 Photo,19.02210651,-98.25996811,1.0,1.0,2.0,5.0,30.0,50.0,42.0
84,dd77bc8f-6e11-4ebf-a917-f3eb459032d2,"November 7, 2022",2022-11-08 04:13:09 UTC,Danna María Mosqueda Hernández,SRID=4326;POINT(-98.2606685814 19.0208645258),Efectivo,yes,CONSUMIBLE_NO_DISPONIBLE,más de 10 cuadras,Motocicleta,PRODUCTOS_ADICIONALES,"CFE,Mobile app",no,"Mobile app,Sistema de agua",no,Proveedor de gas,no,Mobile app,no,"Mobile app,Tienda de conveniencia (e.g. OXXO)",no,INFO_NO_PROPORCIONADA,Female,Cafeteria,La nueva michoacana,1 Photo,19.02086453,-98.26066858,1.0,3.0,4.0,0.0,80.0,120.0,19.0
85,b54a2aa6-2341-4840-908b-28015037ba3b,"November 7, 2022",2022-11-08 04:13:09 UTC,Danna María Mosqueda Hernández,SRID=4326;POINT(-98.2610308473 19.020214174),Efectivo,yes,CONSUMIBLE_NO_DISPONIBLE,0 a 3 cuadras,A pie,PRODUCTOS_ADICIONALES,"Tienda de conveniencia (e.g. OXXO),Tiendita",INFO_NO_PROPORCIONADA,"Sistema de agua,Tienda de conveniencia (e.g. OXXO)",no,Proveedor de gas,no,Tienda de conveniencia (e.g. OXXO),yes,"Banco,Tienda de conveniencia (e.g. OXXO)",no,INFO_NO_PROPORCIONADA,Female,Grocery store (aka. nanostore),Alondra Desechables y materias primas,1 Photo,19.02021417,-98.26103085,2.0,0.0,0.0,5.0,30.0,50.0,38.0
86,69b3d48c-1fed-4afc-93c5-09d6bf53d2d6,"November 7, 2022",2022-11-08 04:13:08 UTC,Danna María Mosqueda Hernández,SRID=4326;POINT(-98.2613938303 19.0194786072),Efectivo,yes,CONSUMIBLE_NO_DISPONIBLE,0 a 3 cuadras,A pie,PRODUCTOS_ADICIONALES,Tienda de conveniencia (e.g. OXXO),yes,Sistema de agua,yes,Proveedor de gas,no,Tienda de conveniencia (e.g. OXXO),no,Tienda de conveniencia (e.g. OXXO),no,INFO_NO_PROPORCIONADA,Female,Produce (fruits & vegetables),Súper Canasta ,1 Photo,19.01947861,-98.26139383,5.0,1.0,0.0,4.0,25.0,50.0,57.0
87,1cb18e09-8e37-4453-985c-64d097cc7497,"November 7, 2022",2022-11-08 04:13:08 UTC,Danna María Mosqueda Hernández,SRID=4326;POINT(-98.2606917086 19.0207468242),Efectivo,yes,CONSUMIBLE_NO_DISPONIBLE,0 a 3 cuadras,A pie,PRODUCTOS_ADICIONALES,Tienda de conveniencia (e.g. OXXO),no,Sistema de agua,no,Proveedor de gas,no,Tienda de conveniencia (e.g. OXXO),no,"Banco,Tienda de conveniencia (e.g. OXXO)",no,INFO_NO_PROPORCIONADA,Female,Dairy products,Estética Unisex Aislinn,1 Photo,19.02074682,-98.26069171,1.0,2.0,5.0,4.0,50.0,80.0,30.0
88,e8669b1a-4a1e-495b-bd84-53ee4b47fd64,"November 5, 2022",2022-11-08 04:10:09 UTC,Danna María Mosqueda Hernández,SRID=4326;POINT(-98.2615531596 19.0225102393),Efectivo,yes,CONSUMIBLE_NO_DISPONIBLE,4 a 6 cuadras,Automóvil,PRODUCTOS_ADICIONALES,Tienda de conveniencia (e.g. OXXO),no,Tienda de conveniencia (e.g. OXXO),yes,Proveedor de gas,no,Tienda de conveniencia (e.g. OXXO),no,"Supermercado,Tienda de conveniencia (e.g. OXXO)",no,INFO_NO_PROPORCIONADA,Female,Butcher shop,Carnes Selectas Hermanos Flores,1 Photo,19.02251024,-98.26155316,3.0,1.0,6.0,4.0,30.0,50.0,25.0
89,ae6d33c4-9f2d-4487-9498-6bf9b179eb6e,"November 5, 2022",2022-11-08 04:10:09 UTC,Danna María Mosqueda Hernández,SRID=4326;POINT(-98.2611456999 19.0222964781),No realizó compras,no,"Pantalón, blusa",4 a 6 cuadras,A pie,Más variedad de productos,CFE,yes,Sistema de agua,yes,Proveedor de gas,yes,"Banco,Tienda de conveniencia (e.g. OXXO)",yes,"Banco,Tienda de conveniencia (e.g. OXXO)",yes,Pago de servicios,Female,Grocery store (aka. nanostore),No mame,1 Photo,19.02229648,-98.2611457,1.0,6.0,0.0,8.0,30.0,50.0,68.0
90,bf8227eb-6891-4bf7-a680-cab57dd9b635,"November 5, 2022",2022-11-08 04:10:08 UTC,Danna María Mosqueda Hernández,SRID=4326;POINT(-98.2605484483 19.022131044),Efectivo,yes,CONSUMIBLE_NO_DISPONIBLE,0 a 3 cuadras,A pie,PRODUCTOS_ADICIONALES,"CFE,Tienda de conveniencia (e.g. OXXO)",no,Sistema de agua,no,Proveedor de gas,no,"Tienda de conveniencia (e.g. OXXO),Tiendita",INFO_NO_PROPORCIONADA,No lo hago,no,INFO_NO_PROPORCIONADA,Female,Grocery store (aka. nanostore),Tortillería “Rosales”,1 Photo,19.02213104,-98.26054845,4.0,1.0,3.0,8.0,30.0,50.0,44.0
91,c53c338a-2f98-42b9-b400-5f7bcefcfd83,"November 5, 2022",2022-11-08 04:10:08 UTC,Danna María Mosqueda Hernández,SRID=4326;POINT(-98.2603235827 19.0217736923),Efectivo,yes,CONSUMIBLE_NO_DISPONIBLE,4 a 6 cuadras,A pie,PRODUCTOS_ADICIONALES,"Tienda de conveniencia (e.g. OXXO),Tiendita",INFO_NO_PROPORCIONADA,"Tienda de conveniencia (e.g. OXXO),Tiendita",INFO_NO_PROPORCIONADA,Mobile app ,no,Tienda de conveniencia (e.g. OXXO),no,Banco,no,INFO_NO_PROPORCIONADA,Female,Produce (fruits & vegetables),Frutas y verduras “Rafa”,1 Photo,19.02177369,-98.26032358,3.0,5.0,2.0,6.0,40.0,80.0,54.0
92,d9976ce5-6538-4036-a39e-c5c175cdcc16,"November 5, 2022",2022-11-08 04:10:07 UTC,Danna María Mosqueda Hernández,SRID=4326;POINT(-98.2605454513 19.0210555913),Efectivo,yes,CONSUMIBLE_NO_DISPONIBLE,más de 10 cuadras,Automóvil,PRODUCTOS_ADICIONALES,Mobile app,no,Mobile app,no,Mobile app,no,Mobile app,no,Banco,no,INFO_NO_PROPORCIONADA,Male,Cafeteria,Rico Pan Casero,1 Photo,19.02105559,-98.26054545,1.0,5.0,12.0,0.0,80.0,150.0,19.0
93,318edef0-6228-4007-9a4a-a9b2f5b47e55,"November 5, 2022",2022-11-08 04:10:07 UTC,Danna María Mosqueda Hernández,SRID=4326;POINT(-98.2606651265 19.0208187793),Efectivo,yes,CONSUMIBLE_NO_DISPONIBLE,4 a 6 cuadras,Bicicleta,PRODUCTOS_ADICIONALES,App,no,"Supermercado,Tienda de conveniencia (e.g. OXXO)",no,Banco,no,"Banco,Supermercado,Tienda de conveniencia (e.g. OXXO)",no,Banco,no,INFO_NO_PROPORCIONADA,Male,Grocery store (aka. nanostore),La nueva Michoacana ,1 Photo,19.02081878,-98.26066513,2.0,4.0,4.0,2.0,30.0,75.0,28.0
94,db8a304e-aee5-424f-b989-a69495a57f69,"November 5, 2022",2022-11-08 04:10:06 UTC,Danna María Mosqueda Hernández,SRID=4326;POINT(-98.2618381108 19.0189637053),Efectivo,no,Clavos,0 a 3 cuadras,A pie,Más variedad de producto de ferretería ,Tienda de conveniencia (e.g. OXXO),no,Tienda de conveniencia (e.g. OXXO),no,Proveedor de gas,no,Tienda de conveniencia (e.g. OXXO),no,No lo hago,no,INFO_NO_PROPORCIONADA,Male,Grocery store (aka. nanostore),Ferretería Robgas,1 Photo,19.01896371,-98.26183811,1.0,2.0,0.0,3.0,25.0,60.0,52.0
95,432fddb9-089c-4b91-8d00-6290751bb41f,"November 5, 2022",2022-11-08 04:10:06 UTC,Danna María Mosqueda Hernández,SRID=4326;POINT(-98.2614185927 19.0194155786),Efectivo,yes,CONSUMIBLE_NO_DISPONIBLE,0 a 3 cuadras,A pie,PRODUCTOS_ADICIONALES,Tienda de conveniencia (e.g. OXXO),no,"Sistema de agua,Tienda de conveniencia (e.g. OXXO)",no,App móvil ,no,"Tienda de conveniencia (e.g. OXXO),Tiendita",INFO_NO_PROPORCIONADA,Bancomer app,no,INFO_NO_PROPORCIONADA,Female,Grocery store (aka. nanostore),Brillosos productos de limpieza,1 Photo,19.01941558,-98.26141859,1.0,5.0,15.0,0.0,50.0,100.0,17.0
96,b9abf2cb-702d-48bf-bc98-16989279b57b,"November 5, 2022",2022-11-08 04:10:05 UTC,Danna María Mosqueda Hernández,SRID=4326;POINT(-98.2609013002 19.0203937492),Efectivo,yes,CONSUMIBLE_NO_DISPONIBLE,0 a 3 cuadras,A pie,PRODUCTOS_ADICIONALES,Tienda de conveniencia (e.g. OXXO),no,Sistema de agua,no,Proveedor de gas,no,Tiendita,INFO_NO_PROPORCIONADA,"Supermercado,Tienda de conveniencia (e.g. OXXO)",no,INFO_NO_PROPORCIONADA,Female,Cafeteria,La Nueva Michoacana ,1 Photo,19.02039375,-98.2609013,3.0,4.0,12.0,1.0,65.0,120.0,38.0
97,6a618b5f-3e3c-42f7-9c25-fedf795b86fe,"November 5, 2022",2022-11-08 04:10:05 UTC,Danna María Mosqueda Hernández,SRID=4326;POINT(-98.261080552 19.020082159),Tarjeta de débito y/o crédito,yes,CONSUMIBLE_NO_DISPONIBLE,0 a 3 cuadras,A pie,PRODUCTOS_ADICIONALES,"CFE,Other",yes,Supermercado,yes,Proveedor de gas,yes,Tienda de conveniencia (e.g. OXXO),yes,Transferencia ,yes,Agua luz gas ,Female,Grocery store (aka. nanostore),Ferreterías Fénix ,1 Photo,19.02008216,-98.26108055,1.0,6.0,10.0,6.0,50.0,100.0,22.0
98,f2d7454a-f80c-4e98-af66-37f70266be30,"November 7, 2022",2022-11-07 23:25:53 UTC,Ulises Núñez Bautista,SRID=4326;POINT(-98.2224561327 19.0577741584),Efectivo,no,Castillo,más de 10 cuadras,Automóvil,PRODUCTOS_ADICIONALES,Tienda de conveniencia (e.g. OXXO),no,Banco,no,Proveedor de gas,no,Tienda de conveniencia (e.g. OXXO),no,Tienda de conveniencia (e.g. OXXO),no,INFO_NO_PROPORCIONADA,Male,Grocery store (aka. nanostore),Costetix,1 Photo,19.05777416,-98.22245613,1.0,0.0,0.0,5.0,100.0,80.0,35.0
99,ed4984b4-f135-4d12-92ae-64e90adecb47,"November 7, 2022",2022-11-07 22:57:49 UTC,Jorge Alberto Ostorga Flores,SRID=4326;POINT(-98.2279899669 19.0598775644),Tarjeta de débito y/o crédito,yes,CONSUMIBLE_NO_DISPONIBLE,más de 10 cuadras,A pie,PRODUCTOS_ADICIONALES,Tienda de conveniencia (e.g. OXXO),no,Sistema de agua,no,Proveedor de gas,no,No lo hago,no,No lo hago,no,INFO_NO_PROPORCIONADA,Male,Dairy products,La Reina de Puebla,IMAGEN_NO_PROPORCIONADA,19.05987756,-98.22798997,1.0,2.0,7.0,0.0,0.0,0.0,30.0
100,c3363096-2b12-48bc-9650-1c6783f9ebf3,"November 7, 2022",2022-11-07 22:51:16 UTC,Ulises Núñez Bautista,SRID=4326;POINT(-98.2277619174 19.06009126),Tarjeta de débito y/o crédito,yes,CONSUMIBLE_NO_DISPONIBLE,más de 10 cuadras,A pie,PRODUCTOS_ADICIONALES,Tienda de conveniencia (e.g. OXXO),no,Sistema de agua,no,Proveedor de gas,no,Plan telefónico ,no,App,no,INFO_NO_PROPORCIONADA,Male,Micro-restaurant (aka. fondita),Don asador,1 Photo,19.06009126,-98.22776192,1.0,2.0,7.0,0.0,40.0,70.0,24.0
101,17623ece-ce96-41af-b47b-6d5475a7f3db,"November 7, 2022",2022-11-07 22:51:15 UTC,Ulises Núñez Bautista,SRID=4326;POINT(-98.2223518282 19.0579026417),Efectivo,yes,CONSUMIBLE_NO_DISPONIBLE,0 a 3 cuadras,A pie,PRODUCTOS_ADICIONALES,Banco,no,Banco,no,Proveedor de gas,no,No lo hago,no,No lo hago,no,INFO_NO_PROPORCIONADA,Male,Grocery store (aka. nanostore),Ferretería Ambriz,1 Photo,19.05790264,-98.22235183,1.0,0.0,0.0,0.0,0.0,0.0,45.0
102,c412650a-67ed-4e09-93dc-f4cf5dc3c759,"November 7, 2022",2022-11-07 22:41:08 UTC,Jorge Alberto Ostorga Flores,SRID=4326;POINT(-98.2277992196 19.0599489285),Tarjeta de débito y/o crédito,yes,CONSUMIBLE_NO_DISPONIBLE,más de 10 cuadras,Automóvil,PRODUCTOS_ADICIONALES,CFE,no,Sistema de agua,no,Proveedor de gas,no,No lo hago,no,Banco,no,INFO_NO_PROPORCIONADA,Male,Micro-restaurant (aka. fondita),Don Asador,IMAGEN_NO_PROPORCIONADA,19.05994893,-98.22779922,1.0,6.0,5.0,0.0,0.0,0.0,18.0
103,83a602c7-d845-4a6e-9ad8-4e1907222b6b,"November 7, 2022",2022-11-07 22:41:07 UTC,Jorge Alberto Ostorga Flores,SRID=4326;POINT(-98.2278069689 19.0599946207),Tarjeta de débito y/o crédito,yes,CONSUMIBLE_NO_DISPONIBLE,más de 10 cuadras,Automóvil,PRODUCTOS_ADICIONALES,CFE,no,Sistema de agua,no,Proveedor de gas,no,No lo hago,no,Banco,no,INFO_NO_PROPORCIONADA,Male,Micro-restaurant (aka. fondita),Don Asador,IMAGEN_NO_PROPORCIONADA,19.05999462,-98.22780697,1.0,8.0,4.0,0.0,0.0,0.0,22.0
104,884419dd-5f1a-4b7b-b58c-c54863ff38de,"November 7, 2022",2022-11-07 22:41:07 UTC,Jorge Alberto Ostorga Flores,SRID=4326;POINT(-98.2279501444 19.0600125649),Efectivo,yes,CONSUMIBLE_NO_DISPONIBLE,más de 10 cuadras,Automóvil,PRODUCTOS_ADICIONALES,CFE,no,Supermercado,no,Proveedor de gas,no,No lo hago,no,Supermercado,no,INFO_NO_PROPORCIONADA,Female,Produce (fruits & vegetables),La Reina de Puebla,1 Photo,19.06001256,-98.22795014,1.0,0.0,0.0,2.0,50.0,100.0,45.0
105,be6abfdf-59a4-40df-b285-eef7704eb153,"November 7, 2022",2022-11-07 22:41:06 UTC,Jorge Alberto Ostorga Flores,SRID=4326;POINT(-98.2224507951 19.0579616816),Efectivo,yes,CONSUMIBLE_NO_DISPONIBLE,0 a 3 cuadras,A pie,PRODUCTOS_ADICIONALES,Supermercado,no,Supermercado,no,No lo hago,no,Tiendita,INFO_NO_PROPORCIONADA,No lo hago,no,INFO_NO_PROPORCIONADA,Female,Grocery store (aka. nanostore),Splashbit,1 Photo,19.05796168,-98.2224508,1.0,2.0,1.0,0.0,0.0,0.0,60.0
106,0d12293a-ce89-4f2d-8180-b226fa2fd4c9,"November 5, 2022",2022-11-05 17:16:08 UTC,Gustavo Manzanilla,SRID=4326;POINT(-98.2208566368 19.0423914961),Tarjeta de débito y/o crédito,yes,CONSUMIBLE_NO_DISPONIBLE,7 a 10 cuadras,didi,PRODUCTOS_ADICIONALES,Tienda de conveniencia (e.g. OXXO),no,"Banco,Tienda de conveniencia (e.g. OXXO),teléfono",no,"Banco,Supermercado,Tienda de conveniencia (e.g. OXXO),internet",no,"Tienda de conveniencia (e.g. OXXO),Tiendita",INFO_NO_PROPORCIONADA,"Banco,Tienda de conveniencia (e.g. OXXO)",yes,Envio a domicilio sin costo,Female,Micro-restaurant (aka. fondita),Alto mexico,1 Photo,19.0423915,-98.22085664,2.0,5.0,20.0,,30.0,30.0,23.0
107,7ef17008-4a50-4aa4-bf57-abb312725d62,"November 5, 2022",2022-11-05 17:16:08 UTC,Gustavo Manzanilla,SRID=4326;POINT(-98.2198474556 19.0432139247),Tarjeta de débito y/o crédito,no,Ablandador de agujas,más de 10 cuadras,Automóvil,Articulos varios para cuando ya estas procesando los alimentos ,app,no,app,no,internet,no,No lo hago,no,"Banco,Tienda de conveniencia (e.g. OXXO)",yes,Entrega a domicilio,Male,Dairy products,Dibagasa,1 Photo,19.04321392,-98.21984746,1.0,10.0,7.0,2.0,45.0,45.0,45.0
108,ab3b46a0-005d-444b-8192-69f5dfb2e136,"November 3, 2022",2022-11-03 20:32:56 UTC,Daniel Serrano,SRID=4326;POINT(-98.2641407847 19.0346021504),Efectivo,yes,CONSUMIBLE_NO_DISPONIBLE,4 km,Automóvil,PRODUCTOS_ADICIONALES,No lo hago,yes,No lo hago,yes,No lo hago,yes,No lo hago,yes,No lo hago,no,INFO_NO_PROPORCIONADA,Male,Grocery store (aka. nanostore),Minisuper Rayitas,1 Photo,19.03460215,-98.26414078,2.0,8.0,12.0,0.0,70.0,150.0,18.0
109,f7c8c700-376c-4cd7-869c-6c37877dfd24,"November 3, 2022",2022-11-03 20:20:57 UTC,Daniel Serrano,SRID=4326;POINT(-98.2666493207 19.0350601336),Efectivo,yes,CONSUMIBLE_NO_DISPONIBLE,30 min,Automóvil,PRODUCTOS_ADICIONALES,CFE,yes,Sistema de agua,yes,Proveedor de gas,yes,No lo hago,yes,linea,yes,Los anteriores mencionados,Male,Grocery store (aka. nanostore),La universal ,1 Photo,19.03506013,-98.26664932,1.0,10.0,0.0,0.0,50.0,100.0,20.0
110,ee7ac407-4767-47b1-93b3-d7e09b49faec,"November 3, 2022",2022-11-03 20:15:32 UTC,Daniel Serrano,SRID=4326;POINT(-98.2671002671 19.0352236761),Efectivo,yes,CONSUMIBLE_NO_DISPONIBLE,20 min,Automóvil,PRODUCTOS_ADICIONALES,No lo hago,no,No lo hago,no,No lo hago,no,No lo hago,no,No lo hago,no,INFO_NO_PROPORCIONADA,Male,Micro-restaurant (aka. fondita),Taquería don Jorge ,1 Photo,19.03522368,-98.26710027,1.0,,10.0,0.0,100.0,100.0,15.0
111,f65a8190-df80-440e-83bc-2639decfffd0,"November 3, 2022",2022-11-03 20:05:31 UTC,Daniel Serrano,SRID=4326;POINT(-98.2678556442 19.0352804088),Efectivo,yes,CONSUMIBLE_NO_DISPONIBLE,30 min,Transporte público,PRODUCTOS_ADICIONALES,No lo hago,no,No lo hago,no,No lo hago,no,No lo hago,no,No lo hago,no,INFO_NO_PROPORCIONADA,Female,Cafeteria,La parrilla del lobo,1 Photo,19.03528041,-98.26785564,1.0,1.0,1.0,0.0,50.0,70.0,21.0
112,70f42238-83b5-4a16-9f2e-a758efb8afb0,"November 3, 2022",2022-11-03 20:04:35 UTC,Fernando Gonzálezinactivo,SRID=4326;POINT(-98.2678617 19.0354511),Efectivo,yes,CONSUMIBLE_NO_DISPONIBLE,0 a 3 cuadras,A pie,PRODUCTOS_ADICIONALES,No lo hago,no,No lo hago,no,No lo hago,no,Tienda de conveniencia (e.g. OXXO),no,No lo hago,no,INFO_NO_PROPORCIONADA,Male,Cafeteria,La Parrilla del lobo,1 Photo,19.0354511,-98.2678617,1.0,3.0,2.0,0.0,0.0,0.0,18.0
113,e4727f46-797f-4344-b183-0deeed11750f,"November 3, 2022",2022-11-03 20:04:34 UTC,Fernando Gonzálezinactivo,SRID=4326;POINT(-98.2678314 19.0354858),Efectivo,yes,CONSUMIBLE_NO_DISPONIBLE,más de 10 cuadras,Didi,PRODUCTOS_ADICIONALES,No lo hago,no,No lo hago,no,No lo hago,no,Tienda de conveniencia (e.g. OXXO),no,No lo hago,no,INFO_NO_PROPORCIONADA,Male,Cafeteria,Crudopolis,1 Photo,19.0354858,-98.2678314,1.0,2.0,4.0,0.0,30.0,100.0,18.0
114,0a5616e1-62cd-4f28-a282-9b34db145752,"November 3, 2022",2022-11-03 19:58:24 UTC,Daniel Serrano,SRID=4326;POINT(-98.2679243758 19.0353989453),Efectivo,yes,CONSUMIBLE_NO_DISPONIBLE,4 a 6 cuadras,Transporte público,PRODUCTOS_ADICIONALES,No lo hago,no,No lo hago,no,No lo hago,no,No lo hago,no,No lo hago,no,INFO_NO_PROPORCIONADA,Male,Cafeteria,Crudopolis ,1 Photo,19.03539895,-98.26792438,1.0,0.0,3.0,0.0,150.0,,18.0
